NDB_No,Shrt_Desc,Water_(g),Energ_Kcal,Protein_(g),Lipid_Tot_(g),Carbohydrt_(g),Fiber_TD_(g),Sugar_Tot_(g),Calcium_(mg),Iron_(mg),Magnesium_(mg),Phosphorus_(mg),Potassium_(mg),Sodium_(mg),Zinc_(mg),Copper_mg),FA_Sat_(g),FA_Mono_(g),FA_Poly_(g),Cholestrl_(mg),Category
1206,"CREAM SUB,FLAV,PDR",1.52,482,0.68,21.47,75.42,1.2,58.01,5.0,0.63,17.0,28.0,90.0,123.0,0.23,0.135,19.446,0.618,0.229,0.0,Dairy and Egg Products
1115,"WHEY,SWEET,DRIED",3.19,353,12.93,1.07,74.46,0.0,74.46,796.0,0.88,176.0,932.0,2080.0,1079.0,1.97,0.07,0.684,0.297,0.034,6.0,Dairy and Egg Products
1113,"WHEY,ACID,DRIED",3.51,339,11.73,0.54,73.45,0.0,73.45,2054.0,1.24,199.0,1349.0,2289.0,968.0,6.31,0.05,0.342,0.149,0.021,3.0,Dairy and Egg Products
1069,"CREAM SUBSTITUTE,POWDERED",2.98,529,2.48,32.92,59.29,0.0,7.77,2.0,0.26,1.0,288.0,669.0,124.0,0.07,0.018,19.146,9.796,0.408,0.0,Dairy and Egg Products
1225,DULCE DE LECHE,28.71,315,6.84,7.35,55.35,0.0,49.74,251.0,0.17,22.0,193.0,350.0,129.0,0.79,0.004,4.534,2.143,0.375,29.0,Dairy and Egg Products
1095,"MILK,CND,COND,SWTND",27.16,321,7.91,8.7,54.4,0.0,54.4,284.0,0.19,26.0,253.0,371.0,127.0,0.94,0.015,5.486,2.427,0.337,34.0,Dairy and Egg Products
1070,"DESSERT TOPPING,POWDERED",1.47,577,4.9,39.92,52.54,0.0,52.54,17.0,0.03,7.0,74.0,166.0,122.0,0.08,0.118,36.723,0.6,0.447,0.0,Dairy and Egg Products
1092,"MILK,DRY,NONFAT,INST,W/ ADDED VIT A & VITAMIN D",3.96,358,35.1,0.72,52.19,0.0,52.19,1231.0,0.31,117.0,985.0,1705.0,549.0,4.41,0.041,0.467,0.187,0.028,18.0,Dairy and Egg Products
1155,"MILK,DRY,NONFAT,INST,WO/ ADDED VIT A & VITAMIN D",3.96,358,35.1,0.72,52.19,0.0,52.19,1231.0,0.31,117.0,985.0,1705.0,549.0,4.41,0.041,0.47,0.19,0.03,18.0,Dairy and Egg Products
1091,"MILK,DRY,NONFAT,REG,WO/ ADDED VIT A & VITAMIN D",3.16,362,36.16,0.77,51.98,0.0,51.98,1257.0,0.32,110.0,968.0,1794.0,535.0,4.08,0.041,0.499,0.201,0.03,20.0,Dairy and Egg Products
2010,"CINNAMON,GROUND",10.58,247,3.99,1.24,80.59,53.1,2.17,1002.0,8.32,60.0,64.0,431.0,10.0,1.83,0.339,0.345,0.246,0.068,0.0,Spices and Herbs
2026,ONION POWDER,5.39,341,10.41,1.04,79.12,15.2,6.63,384.0,3.9,113.0,322.0,985.0,73.0,4.05,0.59,0.219,0.202,0.31,0.0,Spices and Herbs
2004,"SPICES,BAY LEAF",5.44,313,7.61,8.36,74.97,26.3,1.84,834.0,43.0,120.0,113.0,529.0,23.0,3.7,0.416,2.28,1.64,2.29,0.0,Spices and Herbs
3000,CLIF Z BAR,7.74,409,5.55,9.72,74.72,8.3,30.56,444.0,2.7,82.0,244.0,333.0,375.0,1.15,0.187,2.721,2.447,3.319,0.0,Spices and Herbs
2020,GARLIC POWDER,6.45,331,16.55,0.73,72.73,9.0,2.43,79.0,5.65,77.0,414.0,1193.0,60.0,2.99,0.533,0.249,0.115,0.178,0.0,Spices and Herbs
2001,"ALLSPICE,GROUND",8.46,263,6.09,8.69,72.12,21.6,1.84,661.0,7.06,135.0,113.0,1044.0,77.0,1.01,0.553,2.55,0.66,2.36,0.0,Spices and Herbs
2021,"GINGER,GROUND",9.94,335,8.98,4.24,71.62,14.1,3.39,114.0,19.8,214.0,168.0,1320.0,27.0,3.64,0.48,2.599,0.479,0.929,0.0,Spices and Herbs
2035,PUMPKIN PIE SPICE,8.46,342,5.76,12.6,69.28,14.8,7.76,682.0,19.71,136.0,118.0,663.0,52.0,2.37,0.484,6.53,1.102,0.78,0.0,Spices and Herbs
2027,"SPICES,OREGANO,DRIED",9.93,265,9.0,4.28,68.92,42.5,4.09,1597.0,36.8,270.0,148.0,1260.0,25.0,2.69,0.633,1.551,0.716,1.369,0.0,Spices and Herbs
2039,"SAVORY,GROUND",9.0,272,6.73,5.91,68.73,45.7,1.84,2132.0,37.88,377.0,140.0,1051.0,24.0,4.3,0.847,3.26,1.9385,0.696,0.0,Spices and Herbs
3001,"BABYFOOD,JUC TREATS,FRUIT MEDLEY,TODD",12.89,347,0.0,0.02,86.68,0.0,57.4,12.0,0.24,7.0,9.0,54.0,89.0,0.03,0.037,0.0,0.0,0.0,0.0,Baby Foods
3023,"BABYFOOD,FINGER SNACKS,GERBER,GRADUATES,PUFFS,APPL & CINN",3.62,389,6.19,2.3,85.79,3.8,17.84,535.0,24.74,60.0,448.0,196.0,13.0,17.46,0.213,0.143,0.306,0.527,0.0,Baby Foods
3997,"BABYFOOD,BABY MUM MUM RICE BISCUITS",2.42,391,12.5,0.87,83.21,0.0,12.5,0.0,0.0,47.0,127.0,504.0,313.0,0.65,0.156,0.238,0.224,0.255,0.0,Baby Foods
3184,"BABYFOOD,CRL,WHL WHEAT,W/ APPLS,DRY FORT",1.7,402,6.6,4.8,83.2,6.7,26.66,600.0,45.0,140.0,200.0,500.0,66.0,2.6,0.62,0.639,1.277,1.866,0.0,Baby Foods
3194,"BABYFOOD,CRL,RICE,DRY,FORT",5.13,390,6.65,2.19,83.14,1.3,4.85,860.0,53.01,37.0,273.0,281.0,32.0,10.92,0.231,0.234,0.42,0.784,0.0,Baby Foods
3215,"BABYFOOD,PRETZELS",4.0,397,10.8,2.0,82.2,2.3,3.08,25.0,3.77,28.0,110.0,137.0,269.0,0.78,0.145,0.4,0.238,1.054,0.0,Baby Foods
3996,"Babyfood, Multigrain whole grain cereal, dry fortified",4.58,407,6.67,6.67,80.06,6.7,26.67,800.0,30.0,95.0,333.0,467.0,33.0,10.67,0.225,1.058,1.291,2.596,0.0,Baby Foods
3212,"BABYFOOD,CRL,RICE,W/ BANANAS,DRY",4.7,404,8.7,4.2,79.9,1.0,16.7,691.0,47.5,141.0,410.0,769.0,0.0,1.5,0.254,0.978,0.986,1.503,0.0,Baby Foods
3185,"BABYFOOD,CRL,MXD,DRY FORT",6.7,399,6.66,6.66,78.21,6.7,26.66,800.0,30.0,100.0,333.0,467.0,33.0,10.66,0.334,0.769,1.206,1.697,0.0,Baby Foods
3190,"BABYFOOD,CRL,OATMEAL,W/ BANANAS,DRY",4.7,399,6.67,6.67,78.07,5.2,26.66,800.0,45.0,118.0,267.0,600.0,33.0,1.9,0.391,1.267,1.429,2.186,0.0,Baby Foods
4706,"DRESSING,HONEY MUSTARD,FAT-FREE",56.17,169,1.07,1.47,38.43,1.2,17.75,24.0,0.36,13.0,37.0,69.0,1004.0,0.29,0.04,0.349,0.708,0.287,1.0,"Fats, Oils and Salad Dressings"
4367,"SALAD DRSNG,FRENCH DRSNG,FAT-FREE",65.04,132,0.2,0.27,32.14,2.2,16.45,5.0,0.58,3.0,0.0,84.0,853.0,0.1,0.121,0.037,0.141,0.062,0.0,"Fats, Oils and Salad Dressings"
4015,"SALAD DRSNG,RUSSIAN DRSNG",38.53,355,0.69,26.18,31.9,0.7,17.68,13.0,0.6,10.0,20.0,173.0,1133.0,0.22,0.058,2.39,5.928,14.83,0.0,"Fats, Oils and Salad Dressings"
4020,"SALAD DRSNG,FRENCH DRSNG,RED FAT",54.28,222,0.58,11.52,31.22,1.5,16.86,11.0,0.73,8.0,16.0,107.0,838.0,0.2,0.16,0.842,4.518,3.852,0.0,"Fats, Oils and Salad Dressings"
4705,"SALAD DRSNG,CAESAR,FAT-FREE",64.1,131,1.47,0.23,30.73,0.2,8.82,33.0,0.29,4.0,30.0,48.0,1265.0,0.3,0.019,0.096,0.045,0.01,1.0,"Fats, Oils and Salad Dressings"
4142,"SALAD DRSNG,FRENCH DRSNG,RED FAT,WO/ SALT",54.28,233,0.58,13.46,29.28,1.1,28.45,11.0,0.87,8.0,16.0,107.0,30.0,0.2,0.16,1.099,5.898,5.029,0.0,"Fats, Oils and Salad Dressings"
4635,"SALAD DRSNG,1000 ISLAND DRSNG,FAT-FREE",66.14,132,0.55,1.45,29.27,3.3,16.83,11.0,0.28,4.0,1.0,122.0,788.0,0.09,0.178,0.198,0.342,0.63,5.0,"Fats, Oils and Salad Dressings"
4686,"SALAD DRSNG,HONEY MUSTARD DRSNG,RED CAL",57.19,207,0.98,10.0,28.26,0.8,18.33,67.0,0.41,12.0,28.0,55.0,701.0,0.17,0.025,0.833,5.573,3.152,0.0,"Fats, Oils and Salad Dressings"
4022,"SALAD DRSNG,RUSSIAN DRSNG,LO CAL",65.0,141,0.5,4.0,27.6,0.3,21.87,19.0,0.6,0.0,37.0,157.0,868.0,0.1,0.01,0.6,0.9,2.3,6.0,"Fats, Oils and Salad Dressings"
4638,"SALAD DRSNG,RANCH DRSNG,FAT-FREE",68.33,119,0.25,1.92,26.51,0.1,5.35,50.0,1.05,8.0,113.0,111.0,897.0,0.4,0.195,0.447,0.388,0.698,7.0,"Fats, Oils and Salad Dressings"
5016,"CHICKEN,BROILERS OR FRYERS,SKN ONLY,CKD,FRIED,BATTER",36.11,394,10.32,28.83,23.15,0.7,1.84,26.0,1.43,12.0,80.0,75.0,581.0,0.72,0.071,7.61,12.35,6.83,74.0,Poultry Products
5326,"CHICKEN BREAST TENDERS,BREADED,CKD,MICROWAVED",51.34,252,16.35,12.89,17.56,0.0,0.0,14.0,1.0,26.0,216.0,225.0,446.0,0.77,0.316,3.2,5.71,2.79,45.0,Poultry Products
5300,"TURKEY STKS,BREADED,BATTERED,FRIED",49.4,279,14.2,16.9,17.0,0.7,1.84,14.0,2.2,15.0,234.0,260.0,838.0,1.46,0.073,4.38,6.92,4.39,64.0,Poultry Products
5327,"CHICKEN BREAST TENDERS,BREADED,UNCKD",52.74,263,14.73,15.75,15.01,1.1,0.37,19.0,1.11,23.0,211.0,214.0,536.0,0.78,0.205,3.26,6.48,3.34,41.0,Poultry Products
5323,"CHICKEN PATTY,FRZ,UNCKD",50.04,292,14.33,20.04,13.61,1.2,0.0,20.0,0.93,25.0,196.0,248.0,518.0,0.94,0.207,4.013,8.98,5.204,45.0,Poultry Products
5324,"CHICKEN PATTY,FRZ,CKD",50.82,287,14.85,19.58,12.84,0.3,0.0,19.0,0.95,24.0,208.0,261.0,532.0,1.05,0.09,3.662,8.337,4.805,43.0,Poultry Products
5101,"CHICKEN,BROILERS OR FRYERS,WING,MEAT&SKN,CKD,FRIED,BATTER",46.21,324,19.87,21.81,10.94,0.3,1.84,20.0,1.29,16.0,121.0,138.0,320.0,1.38,0.063,5.83,8.96,5.07,79.0,Poultry Products
5049,"CHICKEN,BROILERS OR FRYERS,BACK,MEAT&SKN,CKD,FRIED,BATTER",44.51,331,21.97,21.91,10.25,0.7,1.84,26.0,1.49,19.0,137.0,180.0,317.0,1.96,0.081,5.83,8.91,5.2,88.0,Poultry Products
5030,"CHICKEN,BROILERS OR FRYERS,LT MEAT,MEAT&SKN,CKD,FRIED,BATTER",50.23,277,23.55,15.44,9.5,0.7,1.84,20.0,1.26,22.0,168.0,185.0,287.0,1.06,0.061,4.12,6.37,3.6,84.0,Poultry Products
5007,"CHICKEN,BROILERS OR FRYERS,MEAT&SKN,CKD,FRIED,BATTER",49.39,289,22.54,17.35,9.42,0.3,0.0,21.0,1.37,21.0,155.0,185.0,292.0,1.67,0.072,4.61,7.09,4.1,87.0,Poultry Products
6969,"POTATO SOUP,INST,DRY MIX",5.8,343,9.2,3.1,76.14,7.6,10.0,172.0,2.38,62.0,279.0,1248.0,2400.0,0.91,0.25,0.613,1.185,1.025,12.0,"Soups, Sauces, and Gravies"
6123,"GRAVY,ONION,DRY,MIX",4.36,322,9.0,3.0,67.64,6.0,1.84,280.0,1.0,34.0,203.0,262.0,4186.0,0.88,0.17,1.86,0.9,0.14,2.0,"Soups, Sauces, and Gravies"
6126,"GRAVY,TURKEY,DRY",4.67,367,10.42,7.19,65.12,0.7,1.84,146.0,3.29,44.0,254.0,428.0,4392.0,1.26,0.133,1.975,2.575,2.196,14.0,"Soups, Sauces, and Gravies"
6094,"SOUP,ONION,DRY,MIX",3.79,293,7.48,0.34,65.07,6.6,4.65,143.0,1.25,60.0,211.0,721.0,8031.0,1.12,0.353,0.089,0.067,0.164,0.0,"Soups, Sauces, and Gravies"
6981,"SOUP,BOUILLON CUBES&GRANULES,LO NA,DRY",2.3,438,16.7,13.89,64.88,0.2,14.47,187.0,1.03,56.0,166.0,309.0,1067.0,0.09,0.0,3.433,5.365,4.485,13.0,"Soups, Sauces, and Gravies"
6122,"GRAVY,MUSHROOM,DRY,PDR",3.34,328,10.0,4.0,64.66,4.8,3.26,230.0,1.0,34.0,203.0,262.0,6580.0,1.54,0.535,2.36,1.31,0.14,3.0,"Soups, Sauces, and Gravies"
6124,"GRAVY,PORK,DRY,PDR",4.43,367,8.78,8.63,63.57,2.4,24.73,139.0,3.94,34.0,188.0,235.0,5356.0,1.06,0.154,4.29,3.881,0.454,10.0,"Soups, Sauces, and Gravies"
6128,"SOUP,CHICK NOODLE,DRY,MIX",4.94,377,15.42,6.51,62.32,3.2,1.9,55.0,2.44,38.0,195.0,306.0,3643.0,1.65,0.286,1.969,2.268,1.398,74.0,"Soups, Sauces, and Gravies"
6120,"GRAVY,CHICKEN,DRY",3.85,381,11.27,9.73,62.09,0.7,1.84,146.0,1.33,40.0,249.0,404.0,4152.0,1.39,0.112,2.92,4.648,1.877,19.0,"Soups, Sauces, and Gravies"
6958,"GRAVY,INST BF,DRY",4.65,369,9.8,9.48,61.1,4.3,23.9,141.0,6.27,41.0,239.0,450.0,5203.0,0.76,0.146,4.88,3.659,0.938,11.0,"Soups, Sauces, and Gravies"
7913,SALAMI  PORK  BF  LESS NA,33.74,396,15.01,30.5,15.38,0.2,6.21,94.0,1.55,31.0,272.0,1372.0,623.0,3.08,0.088,10.58,13.32,3.067,90.0,Sausages and Luncheon Meats
7976,"SAUSAGE,CHICK OR TURKEY,ITALIAN STYLE,LOWER NA",56.01,183,21.43,4.46,14.25,0.0,0.81,0.0,1.29,43.0,286.0,1062.0,446.0,2.41,0.449,0.893,1.797,1.526,36.0,Sausages and Luncheon Meats
7951,"SCRAPPLE,PORK",62.47,213,8.06,13.87,14.06,0.3,0.2,7.0,1.89,13.0,76.0,158.0,482.0,1.06,0.212,4.732,6.156,1.664,49.0,Sausages and Luncheon Meats
7073,"SANDWICH SPREAD,PORK,BEEF",60.28,235,7.66,17.34,11.94,0.2,0.0,12.0,0.79,8.0,59.0,110.0,1013.0,1.02,0.13,5.977,7.584,2.565,38.0,Sausages and Luncheon Meats
7940,MACARONI & CHS LOAF  CHICK  PORK & BF,57.63,228,11.76,14.96,11.63,0.0,0.0,122.0,1.2,27.0,173.0,313.0,3.0,1.51,0.11,5.614,7.614,1.657,44.0,Sausages and Luncheon Meats
7900,"TURKEY,PORK,&BF SAUSAGE,LOFAT,SMOKED",76.3,101,8.0,2.5,11.54,0.6,0.0,10.0,2.2,16.0,74.0,243.0,796.0,1.2,0.134,0.85,1.026,0.329,21.0,Sausages and Luncheon Meats
7905,"FRANKFURTER,BF,PORK,& TURKEY,FAT FREE",71.5,109,12.5,1.59,11.21,0.0,0.0,54.0,1.78,14.0,132.0,220.0,880.0,2.92,0.117,0.5,0.74,0.35,41.0,Sausages and Luncheon Meats
7066,"TURKEY SAUSAGE,RED FAT,BROWN&SERVE,CKD",59.59,204,17.0,10.3,10.92,0.3,0.0,31.0,1.8,21.0,164.0,207.0,721.0,2.31,0.149,2.871,3.876,2.541,58.0,Sausages and Luncheon Meats
7977,"HAM,SMOKED,EX LN,LO NA",64.59,141,18.52,2.71,10.7,0.0,10.68,5.0,0.76,20.0,286.0,330.0,1062.0,1.78,0.245,1.786,0.609,0.187,50.0,Sausages and Luncheon Meats
7031,HAM SALAD SPREAD,62.6,216,8.68,15.53,10.64,0.0,0.0,8.0,0.59,10.0,120.0,150.0,1075.0,1.1,0.07,5.049,7.171,2.689,37.0,Sausages and Luncheon Meats
8032,"CEREALS RTE,KELLOGG,KELLOGG'S FRSTD RICE KRISPIES",2.5,384,4.3,0.4,91.3,0.5,40.2,6.0,18.0,23.0,81.0,59.0,371.0,0.8,0.164,0.1,0.1,0.1,0.0,Breakfast Cereals
8083,"CEREALS RTE,MALT-O-MEAL,CORN BURSTS",2.5,385,3.32,0.35,90.59,1.9,46.88,5.0,5.8,4.0,37.0,71.0,855.0,4.84,0.058,0.093,0.084,0.157,0.0,Breakfast Cereals
8409,"CEREALS RTE,MALT-O-MEAL,FRSTD FLAKES",3.0,389,4.25,0.87,90.2,1.2,39.27,3.0,11.6,12.0,46.0,82.0,451.0,0.24,0.12,0.107,0.171,0.435,0.0,Breakfast Cereals
8073,"CEREALS RTE,POST,GOLDEN CRISP",1.4,380,5.5,1.7,90.1,5.0,53.6,15.0,6.7,59.0,227.0,176.0,95.0,5.6,0.2,0.2,0.6,0.6,0.0,Breakfast Cereals
8501,"CEREALS RTE,MALT-O-MEAL,FRUITY DYNO-BITES",1.2,404,3.9,3.15,90.1,1.0,42.6,3.0,7.62,15.0,67.0,76.0,630.0,5.99,0.128,0.64,2.12,0.258,1.0,Breakfast Cereals
8355,"CEREALS RTE,QUAKER,MOTHER'S COCOA BUMPERS",2.5,382,4.21,1.61,89.91,2.7,43.12,16.0,2.06,61.0,166.0,226.0,452.0,1.11,0.09,0.31,0.32,0.66,0.0,Breakfast Cereals
8156,"CEREALS RTE,RICE,PUFFED,FORT",3.0,402,6.3,0.5,89.8,1.7,1.84,6.0,31.7,25.0,98.0,113.0,3.0,1.03,0.169,0.13,1.9385,0.696,0.0,Breakfast Cereals
8478,"CEREALS RTE,MALT-O-MEAL,GOLDEN PUFFS",2.76,370,5.77,0.89,89.72,2.6,51.34,11.0,7.92,46.0,222.0,204.0,204.0,7.3,0.296,0.161,0.22,0.349,0.0,Breakfast Cereals
8068,"CEREALS RTE,KELLOGG,KELLOGG'S CORN POPS",3.0,387,4.8,1.3,89.7,8.4,31.3,7.0,6.0,28.0,52.0,113.0,357.0,5.0,0.083,0.5,0.2,0.5,0.0,Breakfast Cereals
8476,"CEREALS RTE,MALT-O-MEAL,HONEY BUZZERS",1.88,379,3.45,1.72,89.66,3.4,37.93,14.0,31.03,28.0,69.0,121.0,759.0,12.93,0.09,0.585,0.495,0.585,0.0,Breakfast Cereals
9009,"APPLES,DEHYD (LO MOIST),SULFURED,UNCKD",3.0,346,1.32,0.58,93.53,12.4,81.13,19.0,2.0,22.0,55.0,640.0,124.0,0.29,0.271,0.095,0.024,0.171,0.0,Fruits and Fruit Juices
9289,"PRUNES,DEHYD (LOW-MOISTURE),UNCKD",4.0,339,3.7,0.73,89.07,0.7,1.84,72.0,3.52,64.0,112.0,1058.0,5.0,0.75,0.611,0.059,0.483,0.159,0.0,Fruits and Fruit Juices
9041,"BANANAS,DEHYD,OR BANANA PDR",3.0,346,3.89,1.81,88.28,9.9,47.3,22.0,1.15,108.0,74.0,1491.0,3.0,0.61,0.391,0.698,0.153,0.337,0.0,Fruits and Fruit Juices
9244,"PEACHES,DEHYD (LOW-MOISTURE),SULFURED,UNCKD",7.5,325,4.89,1.03,83.18,0.7,1.84,38.0,5.51,57.0,162.0,1351.0,10.0,0.78,0.493,0.111,0.377,0.498,0.0,Fruits and Fruit Juices
9030,"APRICOTS,DEHYD (LOW-MOISTURE),SULFURED,UNCKD",7.5,320,4.9,0.62,82.89,0.7,1.84,61.0,6.31,63.0,157.0,1850.0,13.0,1.0,0.576,0.043,0.268,0.121,0.0,Fruits and Fruit Juices
9079,"CRANBERRIES,DRIED,SWTND",15.79,308,0.17,1.09,82.8,5.3,72.56,9.0,0.39,4.0,8.0,49.0,5.0,0.1,0.063,0.088,0.298,0.182,0.0,Fruits and Fruit Juices
9426,CANDIED FRUIT,16.7,322,0.34,0.07,82.74,1.6,80.68,18.0,0.17,4.0,5.0,56.0,98.0,0.05,0.029,0.01,0.008,0.02,0.0,Fruits and Fruit Juices
9044,"CHERRIES,TART,DRIED,SWTND",16.6,333,1.25,0.73,80.45,2.5,67.15,38.0,0.68,22.0,36.0,376.0,13.0,0.25,0.229,0.146,0.177,0.194,0.0,Fruits and Fruit Juices
9163,"BLUEBERRIES,DRIED,SWTND",14.8,317,2.5,2.5,80.0,7.5,67.5,19.0,0.9,18.0,36.0,214.0,3.0,0.49,0.16,0.2,0.405,1.3,0.0,Fruits and Fruit Juices
9297,"RAISINS,GOLDEN SEEDLESS",14.97,302,3.39,0.46,79.52,4.0,59.19,53.0,1.79,35.0,115.0,746.0,12.0,0.32,0.363,0.151,0.019,0.135,0.0,Fruits and Fruit Juices
10870,"PORK,CURED,HAM & H2O PRODUCT,SLICE,BNLESS,LN,HTD,PAN-BROIL",71.2,123,15.09,5.06,4.69,0.0,4.69,8.0,0.74,17.0,240.0,272.0,1390.0,1.64,0.085,1.528,2.125,0.69,45.0,Pork Products
10921,"PORK,CURED,HAM & H2O PRDCT,SLICE,BNLESS,LN & FAT,HTD,PAN-BRL",71.14,124,15.08,5.13,4.69,0.0,4.69,8.0,0.74,17.0,240.0,272.0,1389.0,1.63,0.085,1.553,2.16,0.699,45.0,Pork Products
10852,"HORMEL ALWAYS TENDER,PORK TENDERLOIN,TERIYAKI-FLAVORED",71.9,119,18.2,3.07,4.63,0.7,3.33,7.0,1.0,22.0,145.0,536.0,413.0,1.5,0.1,1.05,1.26,0.6,46.0,Pork Products
10871,"PORK,CURED,HAM & H2O PRODUCT,WHL,BNLESS,LN,HTD,RSTD",72.11,123,13.88,5.46,4.61,0.0,4.61,8.0,0.74,15.0,224.0,245.0,1335.0,1.64,0.095,1.841,2.458,0.851,43.0,Pork Products
10922,"PORK,CURED,HAM & H2O PRODUCT,WHL,BNLESS,LN & FAT,HTD,RSTD",72.11,123,13.88,5.46,4.61,0.0,4.61,8.0,0.74,15.0,224.0,245.0,1335.0,1.64,0.095,1.841,2.458,0.851,43.0,Pork Products
10872,"PORK,CURED,HAM & H2O PRODUCT,WHL,BNLESS,LN,UNHTD",73.05,116,14.07,4.86,4.22,0.0,4.22,8.0,0.78,17.0,229.0,268.0,1310.0,1.6,0.107,1.447,2.041,0.644,43.0,Pork Products
10905,"PORK,CURED,HAM & H2O PRODUCT,WHL,BNLESS,LN & FAT,UNHTD",72.96,117,14.05,4.99,4.21,0.0,4.21,8.0,0.78,17.0,228.0,267.0,1308.0,1.59,0.107,1.489,2.098,0.66,43.0,Pork Products
10111,"PORK,FRSH,VAR MEATS&BY-PRODUCTS,LIVER,CKD,BRSD",64.32,165,26.02,4.4,3.76,0.0,1.84,10.0,17.92,14.0,241.0,150.0,49.0,6.72,0.634,1.41,0.63,1.05,355.0,Pork Products
10888,"PORK,CURED,HAM & H2O PRODUCT,SLICE,BONE-IN,LN,UNHTD",75.54,103,14.47,3.78,2.82,0.0,0.91,9.0,1.5,14.0,222.0,209.0,1160.0,1.66,0.137,1.266,1.73,0.538,49.0,Pork Products
10906,"PORK,CURED,HAM & H2O PRODUCT,SLICE,BONE-IN,LN & FAT,UNHTD",71.07,149,13.69,9.29,2.72,0.0,0.85,8.0,1.39,14.0,213.0,205.0,1099.0,1.6,0.132,3.076,4.212,1.25,50.0,Pork Products
11380,"POTATOES,MSHD,DEHYD,GRANULES WO/MILK,DRY FORM",3.63,372,8.22,0.54,85.51,7.1,3.47,41.0,1.09,98.0,245.0,703.0,67.0,0.91,0.102,0.138,0.011,0.238,0.0,Vegetables and Vegetable Products
11284,"ONIONS,DEHYDRATED FLAKES",3.93,349,8.95,0.46,83.28,9.2,37.41,257.0,1.55,92.0,303.0,1622.0,21.0,1.89,0.416,0.078,0.064,0.18,0.0,Vegetables and Vegetable Products
11413,POTATO FLOUR,6.52,357,6.9,0.34,83.1,5.9,3.52,65.0,1.38,65.0,168.0,1001.0,55.0,0.54,0.197,0.09,0.008,0.15,0.0,Vegetables and Vegetable Products
11378,"POTATOES,MSHD,DEHYD,FLAKES WO/MILK,DRY FORM",6.58,354,8.34,0.41,81.17,6.6,3.36,27.0,1.21,66.0,156.0,1098.0,77.0,0.7,0.161,0.169,0.009,0.143,0.0,Vegetables and Vegetable Products
11230,"PEPEAO,DRIED",11.14,298,4.82,0.44,81.03,0.7,1.84,113.0,6.14,146.0,116.0,708.0,70.0,7.52,5.07,1.592,1.9385,0.696,0.0,Vegetables and Vegetable Products
11663,"SEAWEED,AGAR,DRIED",8.68,306,6.21,0.3,80.88,7.7,2.97,625.0,21.4,770.0,52.0,1125.0,102.0,5.8,0.61,0.061,0.027,0.102,0.0,Vegetables and Vegetable Products
11640,"SHALLOTS,FREEZE-DRIED",2.0,348,12.3,0.5,80.7,15.7,38.16,183.0,6.0,104.0,296.0,1650.0,59.0,1.93,0.425,0.084,0.07,0.196,0.0,Vegetables and Vegetable Products
11683,"CARROT,DEHYDRATED",4.0,341,8.1,1.49,79.57,23.6,38.82,212.0,3.93,118.0,346.0,2540.0,275.0,1.57,0.37,0.256,0.076,0.73,0.0,Vegetables and Vegetable Products
11382,"POTATOES,MSHD,DEHYD,GRANULES W/MILK,DRY FORM",6.3,357,10.9,1.1,77.7,6.6,3.37,142.0,3.5,74.0,237.0,1848.0,82.0,1.2,0.578,0.461,0.152,0.285,2.0,Vegetables and Vegetable Products
11268,"MUSHROOMS,SHIITAKE,DRIED",9.5,296,9.58,0.99,75.37,11.5,2.21,11.0,1.72,132.0,294.0,1534.0,13.0,7.66,5.165,0.225,0.317,0.151,0.0,Vegetables and Vegetable Products
12175,"CHESTNUTS,JAPANESE,DRIED",9.96,360,5.25,1.24,81.43,0.7,1.84,72.0,3.38,115.0,169.0,768.0,34.0,2.57,1.312,0.183,0.65,0.322,0.0,Nut and Seed Products
12094,"CHESTNUTS,CHINESE,DRIED",8.9,363,6.82,1.81,79.76,0.7,1.84,29.0,2.29,137.0,155.0,726.0,5.0,1.41,0.59,0.266,0.945,0.468,0.0,Nut and Seed Products
12005,"SEEDS,BREADNUT TREE SEEDS,DRIED",6.5,367,8.62,1.68,79.39,14.9,1.84,94.0,4.6,115.0,178.0,2011.0,53.0,1.91,2.455,0.454,0.214,0.896,0.0,Nut and Seed Products
12100,"CHESTNUTS,EUROPEAN,DRIED,PEELED",9.0,369,5.01,3.91,78.43,0.7,1.84,64.0,2.39,74.0,137.0,991.0,37.0,0.35,0.653,0.736,1.349,1.546,0.0,Nut and Seed Products
12099,"CHESTNUTS,EUROPEAN,DRIED,UNPEELED",9.45,374,6.39,4.45,77.31,11.7,1.84,67.0,2.38,74.0,175.0,986.0,37.0,0.35,0.65,0.837,1.535,1.758,0.0,Nut and Seed Products
12128,"GINKGO NUTS,DRIED",12.4,348,10.35,2.0,72.45,0.7,1.84,20.0,1.6,53.0,269.0,998.0,13.0,0.67,0.536,0.381,0.739,0.737,0.0,Nut and Seed Products
12013,"LOTUS SEEDS,DRIED",14.16,332,15.41,1.97,64.47,0.7,1.84,163.0,3.53,210.0,626.0,1368.0,5.0,1.05,0.35,0.33,0.388,1.166,0.0,Nut and Seed Products
12193,"SISYMBRIUM SP. SEEDS,WHL,DRIED",6.1,318,12.14,4.6,58.26,0.7,1.84,1633.0,0.11,314.0,6.0,2130.0,92.0,0.3,0.11,0.902,1.486,2.023,0.0,Nut and Seed Products
12060,"ACORN FLOUR,FULL FAT",6.0,501,7.49,30.17,54.65,0.7,1.84,43.0,1.21,110.0,103.0,712.0,0.0,0.64,0.611,3.923,19.11,5.813,0.0,Nut and Seed Products
12163,"PUMPKIN&SQUASH SEEDS,WHL,RSTD,WO/SALT",4.5,446,18.55,19.4,53.75,18.4,1.84,55.0,3.31,262.0,92.0,919.0,18.0,10.3,0.69,3.67,6.032,8.844,0.0,Nut and Seed Products
13327,"BEEF, VAR MEATS&BY-PRODUCTS, LIVER, CKD, PAN-FRIED",62.01,175,26.52,4.68,5.16,0.0,0.0,6.0,6.17,22.0,485.0,351.0,77.0,5.23,14.588,2.53,1.106,1.021,381.0,Beef Products
13326,"BEEF,VAR MEATS & BY-PRODUCTS,LIVER,CKD,BRSD",58.81,191,29.08,5.26,5.13,0.0,0.0,6.0,6.54,21.0,497.0,352.0,79.0,5.3,14.283,2.947,1.124,1.109,396.0,Beef Products
13325,"BEEF,VAR MEATS&BY-PRODUCTS,LIVER,RAW",70.81,135,20.36,3.63,3.89,0.0,0.0,5.0,4.9,18.0,387.0,313.0,69.0,4.0,9.755,1.233,0.479,0.465,275.0,Beef Products
13339,"BEEF,VAR MEATS&BY-PRODUCTS,TONGUE,RAW",64.53,224,14.9,16.09,3.68,0.0,1.84,6.0,2.95,16.0,133.0,315.0,69.0,2.87,0.17,7.0,7.24,0.9,87.0,Beef Products
13350,"BEEF,CURED,DRIED",53.8,153,31.1,1.94,2.76,0.0,2.7,8.0,2.42,19.0,181.0,235.0,2790.0,4.93,0.074,0.95,0.84,0.07,79.0,Beef Products
13357,"BEEF,CURED,SAUSAGE,CKD,SMOKED",53.56,312,14.11,26.91,2.42,0.0,1.84,7.0,1.76,13.0,105.0,176.0,1131.0,2.8,0.072,11.44,12.97,1.05,67.0,Beef Products
13890,"BEEF,RND,TOP RND,LN,1/8"" FAT,CHOIC,CKD,PAN-FRIED",54.18,228,33.93,8.33,2.03,0.0,0.0,6.0,3.4,35.0,286.0,484.0,65.0,4.58,0.129,2.399,3.031,1.523,102.0,Beef Products
13358,"BEEF,CURED,SMOKED,CHOPD BF",68.93,133,20.19,4.42,1.86,0.0,1.84,8.0,2.85,21.0,181.0,377.0,1258.0,3.93,0.026,1.81,1.83,0.23,46.0,Beef Products
13320,"BEEF,VAR MEATS&BY-PRODUCTS,BRAIN,CKD,SIMMRD",74.86,151,11.67,10.53,1.48,0.0,0.0,9.0,2.3,12.0,335.0,244.0,108.0,1.09,0.23,2.394,1.882,1.632,3100.0,Beef Products
13345,"BEEF,CURED,BRKFST STRIPS,CKD",26.2,449,31.3,34.4,1.4,0.0,0.0,9.0,3.14,27.0,236.0,412.0,2253.0,6.37,0.116,14.35,16.85,1.58,119.0,Beef Products
14350,"STRAWBERRY-FLAVOR BEV MIX,PDR",0.4,389,0.1,0.2,99.1,0.0,95.45,4.0,0.44,1.0,5.0,6.0,38.0,0.0,0.0,0.0,0.0,0.0,0.0,Alcohol and Beverages
14407,"BEVERAGES,ORANGE-FLAVOR DRK,BRKFST TYPE,PDR",0.14,386,0.0,0.0,98.94,0.4,92.31,385.0,0.02,0.0,151.0,190.0,17.0,0.01,0.013,0.0,0.0,0.0,0.0,Alcohol and Beverages
14357,"BEVERAGES,TEA,INST,DECAFFEINATED,LEMON,SWTND",0.13,401,0.12,0.73,98.55,0.0,95.29,2.0,0.21,3.0,2.0,169.0,5.0,0.03,0.01,0.091,0.027,0.209,0.0,Alcohol and Beverages
14370,"BEVERAGES,TEA,INST,LEMON,SWTND,PDR",0.13,401,0.12,0.73,98.55,0.7,95.29,2.0,0.21,3.0,2.0,169.0,5.0,0.03,0.01,0.097,0.033,0.218,0.0,Alcohol and Beverages
14296,"BEVERAGES,LEMONADE-FLAVOR DRK,PDR",0.52,380,0.0,1.01,97.9,0.0,97.15,11.0,0.17,165.0,99.0,39.0,130.0,0.03,0.025,0.183,0.129,0.531,0.0,Alcohol and Beverages
14548,"BEVERAGES,TEA,INST,LEMON,W/ ADDED VIT C",0.3,385,0.6,0.3,97.6,0.0,1.84,3.0,0.16,11.0,14.0,217.0,5.0,0.1,0.025,0.037,0.011,0.091,0.0,Alcohol and Beverages
14287,"BEVERAGES,LEMONADE,PDR",1.43,376,0.0,1.05,97.57,0.4,94.7,20.0,0.19,247.0,4.0,147.0,51.0,0.1,0.045,0.151,0.111,0.457,0.0,Alcohol and Beverages
14024,"BEVERAGES,WHISKEY SOUR MIX,PDR",0.6,383,0.6,0.1,97.3,0.0,97.3,272.0,0.39,19.0,13.0,19.0,274.0,0.14,0.13,0.019,0.006,0.037,0.0,Alcohol and Beverages
14246,"BEVERAGES,TEA,GRN,INST,DECAFFEI,LEMON,UNSWTND,FORT W/ VIT C",5.09,378,0.0,0.0,94.45,0.0,0.0,2.0,0.21,3.0,2.0,169.0,0.0,0.03,0.01,0.0,0.0,0.0,0.0,Alcohol and Beverages
14450,"BEVERAGES,DRK MIX,QUAKER OATS,GATORADE,ORANGE FLAVOR,PDR",2.51,388,0.0,1.23,94.11,0.0,80.5,40.0,0.34,1.0,120.0,30.0,63.0,0.06,0.25,0.0,0.0,0.0,0.0,Alcohol and Beverages
15027,"FISH,FISH STKS,FRZ,PREP",49.5,277,11.01,16.23,21.66,1.5,1.65,16.0,0.84,25.0,191.0,185.0,402.0,0.42,0.059,3.733,3.193,7.824,28.0,Finfish and Shellfish Products
15178,"WHELK,UNSPEC,CKD,MOIST HEAT",32.0,275,47.68,0.8,15.52,0.0,1.84,113.0,10.06,172.0,282.0,694.0,412.0,3.26,2.06,0.062,0.056,0.046,130.0,Finfish and Shellfish Products
15138,"CRAB,ALASKA KING,IMITN,MADE FROM SURIMI",74.66,95,7.62,0.46,15.0,0.5,6.25,13.0,0.39,43.0,282.0,90.0,529.0,0.33,0.032,0.216,0.275,0.143,20.0,Finfish and Shellfish Products
15251,"USDA COMMODITY,SALMON NUGGETS,BREADED,FRZ,HTD",60.38,212,12.69,11.72,13.96,0.0,1.84,8.0,1.24,20.0,176.0,165.0,173.0,0.52,0.077,1.57,4.625,3.028,26.0,Finfish and Shellfish Products
15252,"USDA COMMODITY,SALMON NUGGETS,CKD AS PURCHASED,UNHTD",64.57,189,11.97,10.43,11.85,0.0,1.84,9.0,1.46,20.0,173.0,161.0,167.0,0.46,0.069,1.497,4.33,2.863,27.0,Finfish and Shellfish Products
15168,"OYSTER,EASTERN,CKD,BREADED&FRIED",64.72,199,8.77,12.58,11.62,0.7,1.84,62.0,6.95,58.0,159.0,244.0,417.0,87.13,4.294,3.197,4.702,3.313,71.0,Finfish and Shellfish Products
15150,"SHRIMP,MXD SP,CKD,BREADED&FRIED",52.86,242,21.39,12.28,11.47,0.4,0.8,67.0,1.26,40.0,218.0,225.0,344.0,1.38,0.274,2.087,3.812,5.085,138.0,Finfish and Shellfish Products
15156,"ABALONE,MXD SP,CKD,FRIED",60.1,189,19.63,6.78,11.05,0.0,1.84,37.0,3.8,56.0,217.0,284.0,591.0,0.95,0.228,1.646,2.741,1.676,94.0,Finfish and Shellfish Products
15174,"SCALLOP,MXD SP,IMITN,MADE FROM SURIMI",73.82,99,12.77,0.41,10.62,0.0,1.84,8.0,0.31,43.0,282.0,103.0,795.0,0.33,0.032,0.08,0.06,0.21,22.0,Finfish and Shellfish Products
15158,"CLAM,MXD SP,CKD,BREADED&FRIED",61.55,202,14.24,11.15,10.33,0.7,1.84,63.0,13.91,14.0,188.0,326.0,364.0,1.46,0.356,2.683,4.545,2.87,61.0,Finfish and Shellfish Products
16055,CAROB FLOUR,3.58,222,4.62,0.65,88.88,39.8,49.08,348.0,2.94,54.0,79.0,827.0,35.0,0.92,0.571,0.09,0.197,0.216,0.0,"Soy, Flour and Bean Products"
16082,"NOODLES,CHINESE,CELLOPHANE OR LONG RICE (MUNG BNS),DEHYD",13.42,351,0.16,0.06,86.09,0.5,0.0,25.0,2.17,3.0,32.0,10.0,10.0,0.41,0.081,0.017,0.008,0.018,0.0,"Soy, Flour and Bean Products"
16040,"BEANS,PINK,MATURE SEEDS,RAW",10.06,343,20.96,1.13,64.19,12.7,2.14,130.0,6.77,182.0,415.0,1464.0,8.0,2.55,0.81,0.292,0.098,0.487,0.0,"Soy, Flour and Bean Products"
16022,"BEANS,FRENCH,MATURE SEEDS,RAW",10.77,343,18.81,2.02,64.11,25.2,1.84,186.0,3.4,188.0,304.0,1316.0,18.0,1.9,0.44,0.221,0.138,1.207,0.0,"Soy, Flour and Bean Products"
16085,"PEAS,GRN,SPLIT,MATURE SEEDS,RAW",8.62,352,23.82,1.16,63.74,25.5,8.0,37.0,4.82,49.0,321.0,823.0,15.0,3.55,0.815,0.161,0.242,0.495,0.0,"Soy, Flour and Bean Products"
16071,"LIMA BNS,LRG,MATURE SEEDS,RAW",10.17,338,21.46,0.69,63.38,19.0,8.5,81.0,7.51,224.0,385.0,1724.0,18.0,2.83,0.74,0.161,0.062,0.309,0.0,"Soy, Flour and Bean Products"
16069,"LENTILS,RAW",8.26,352,24.63,1.06,63.35,10.7,2.03,35.0,6.51,47.0,281.0,677.0,6.0,3.27,0.754,0.154,0.193,0.526,0.0,"Soy, Flour and Bean Products"
16016,"BEANS,BLACK TURTLE,MATURE SEEDS,RAW",11.0,339,21.25,0.9,63.25,15.5,2.12,160.0,8.7,160.0,440.0,1500.0,9.0,2.2,1.0,0.232,0.078,0.387,0.0,"Soy, Flour and Bean Products"
16144,"LENTILS,PINK OR RED,RAW",7.82,358,23.91,2.17,63.1,10.8,1.84,48.0,7.39,59.0,294.0,668.0,7.0,3.6,1.303,0.379,0.5,1.137,0.0,"Soy, Flour and Bean Products"
16056,"CHICKPEAS (GARBANZO BNS,BENGAL GM),MATURE SEEDS,RAW",7.68,378,20.47,6.04,62.95,12.2,10.7,57.0,4.31,79.0,252.0,718.0,24.0,2.76,0.656,0.603,1.377,2.731,0.0,"Soy, Flour and Bean Products"
17096,"VEAL,LEG (TOP RND),LN&FAT,CKD,PAN-FRIED,BREADED",51.31,238,27.29,9.18,9.91,0.3,0.57,39.0,1.64,31.0,250.0,371.0,454.0,2.75,0.073,3.06,3.39,1.49,112.0,"Lamb, Veal, and Game Products"
17101,"VEAL,LEG (TOP RND),LN,CKD,PAN-FRIED,BREADED",53.14,216,28.41,6.27,9.84,0.2,0.57,39.0,1.64,32.0,258.0,383.0,455.0,2.87,0.074,1.6,2.16,1.35,113.0,"Lamb, Veal, and Game Products"
17204,"VEAL,VAR MEATS&BY-PRODUCTS,LIVER,CKD,PAN-FRIED",59.87,193,27.37,6.51,4.47,0.0,0.0,7.0,5.98,23.0,483.0,353.0,85.0,11.9,15.05,2.109,1.194,1.159,485.0,"Lamb, Veal, and Game Products"
17201,"LAMB,VAR MEATS&BY-PRODUCTS,LIVER,CKD,PAN-FRIED",56.2,238,25.53,12.65,3.78,0.0,1.84,9.0,10.2,23.0,427.0,352.0,124.0,5.63,9.83,4.9,2.64,1.89,493.0,"Lamb, Veal, and Game Products"
17203,"VEAL,VAR MEATS&BY-PRODUCTS,LIVER,CKD,BRSD",59.86,192,28.42,6.26,3.77,0.0,0.0,6.0,5.11,20.0,460.0,329.0,78.0,11.23,14.94,1.986,1.146,1.069,511.0,"Lamb, Veal, and Game Products"
17202,"VEAL,VAR MEATS&BY-PRODUCTS,LIVER,RAW",70.89,140,19.93,4.85,2.91,0.0,0.0,5.0,6.4,20.0,379.0,308.0,77.0,12.02,11.865,1.56,0.968,0.829,334.0,"Lamb, Veal, and Game Products"
17200,"LAMB,VAR MEATS&BY-PRODUCTS,LIVER,CKD,BRSD",56.67,220,30.57,8.81,2.53,0.0,1.84,8.0,8.28,22.0,420.0,221.0,56.0,7.89,7.074,3.41,1.84,1.31,501.0,"Lamb, Veal, and Game Products"
17369,"LAMB,NZ,IMP,LIVER,RAW",70.8,136,20.7,4.92,2.22,0.0,0.0,4.0,4.6,18.0,381.0,285.0,59.0,3.4,11.4,1.514,0.817,0.92,386.0,"Lamb, Veal, and Game Products"
17434,"VEAL,SEAM FAT ONLY,CKD",35.99,505,11.16,50.17,2.11,0.0,0.0,43.0,1.15,24.0,152.0,155.0,87.0,2.0,0.081,16.316,20.589,2.972,82.0,"Lamb, Veal, and Game Products"
17192,"LAMB,VAR MEATS&BY-PRODUCTS,HEART,CKD,BRSD",64.2,185,24.97,7.91,1.93,0.0,1.84,14.0,5.52,24.0,254.0,188.0,63.0,3.68,0.61,3.14,2.22,0.77,249.0,"Lamb, Veal, and Game Products"
18087,"CAKE,ANGELFOOD,DRY MIX",3.73,366,6.4,0.27,86.13,0.5,61.33,153.0,0.27,11.0,337.0,91.0,822.0,0.16,0.094,0.039,0.024,0.116,0.0,Baked Products
18272,"ICE CRM CONES,SUGAR,ROLLED-TYPE",3.0,402,7.9,3.8,84.1,1.7,25.66,44.0,4.43,31.0,103.0,145.0,298.0,0.75,0.268,0.573,1.47,1.452,0.0,Baked Products
18453,"CAKE,YEL,LT,DRY MIX",3.1,404,4.7,5.5,84.1,1.3,1.84,155.0,1.31,10.0,324.0,65.0,604.0,0.33,0.063,1.367,2.973,0.796,0.0,Baked Products
18171,"COOKIES,FORTUNE",8.0,378,4.2,2.7,84.0,1.6,45.42,12.0,1.44,7.0,35.0,41.0,31.0,0.17,0.06,0.669,1.345,0.466,2.0,Baked Products
18217,"CRACKERS,MATZO,PLAIN",4.3,395,10.0,1.4,83.7,3.0,0.29,13.0,3.16,25.0,89.0,112.0,0.0,0.68,0.06,0.226,0.127,0.603,0.0,Baked Products
18614,"MARTHA WHITE FOODS,MARTHA WHITE'S CHEWY FUDGE BROWNIE MX,DRY",4.0,407,4.42,6.16,83.58,2.9,54.76,17.0,3.81,21.0,145.0,51.0,457.0,0.26,0.09,1.7,1.9385,0.696,0.0,Baked Products
18457,"CRACKERS,SALTINES,FAT-FREE,LOW-SODIUM",3.4,393,10.5,1.6,82.3,2.7,0.38,22.0,7.72,26.0,113.0,115.0,849.0,0.94,0.145,0.244,0.142,0.685,0.0,Baked Products
18216,"CRACKERS,CRISPBREAD,RYE",6.1,366,7.9,1.3,82.2,16.5,1.07,31.0,2.43,78.0,269.0,319.0,410.0,2.39,0.255,0.145,0.165,0.557,0.0,Baked Products
18144,"CAKE,YEL,ENR,DRY MIX",7.18,374,3.7,3.5,81.92,1.2,43.29,211.0,2.08,10.0,310.0,47.0,728.0,0.27,0.072,1.62,0.694,0.231,0.0,Baked Products
18642,"GENERAL MILLS,BETTY CROCKER SUPERMOIST YEL CAKE MIX,DRY",4.2,413,3.8,8.1,81.3,0.7,43.9,161.0,1.38,21.0,145.0,229.5,672.0,0.99,0.09,2.28,1.9385,0.696,4.0,Baked Products
19918,"SWEETENER,HERBAL EXTRACT PDR FROM STEVIA LEAF",0.0,0,0.0,0.0,100.0,0.0,0.0,0.0,0.0,0.0,0.0,0.0,0.0,0.0,0.0,0.0,0.0,0.0,0.0,"Sweets, Candies"
19335,"SUGARS,GRANULATED",0.02,387,0.0,0.0,99.98,0.0,99.8,1.0,0.05,0.0,0.0,2.0,1.0,0.01,0.007,0.0,0.0,0.0,0.0,"Sweets, Candies"
19908,"SUGAR,TURBINADO",0.03,399,0.0,0.0,99.8,0.7,99.19,12.0,0.37,2.0,1.0,29.0,3.0,0.03,0.009,1.592,1.9385,0.696,4.0,"Sweets, Candies"
19336,"SUGARS,POWDERED",0.23,389,0.0,0.0,99.77,0.0,97.81,1.0,0.06,0.0,0.0,2.0,2.0,0.01,0.007,0.0,0.0,0.0,0.0,"Sweets, Candies"
19907,"SWEETENERS,FOR BAKING,CONTAINS SUGAR & SUCRALOSE",0.43,398,0.0,0.0,99.53,0.7,47.05,1.0,0.06,0.0,0.0,2.0,2.0,0.01,0.008,1.592,1.9385,0.696,4.0,"Sweets, Candies"
19222,"DESSERTS,RENNIN,VANILLA,DRY MIX",0.4,383,0.0,0.0,99.0,0.0,1.84,117.0,0.07,1.0,91.0,3.0,6.0,0.04,0.058,1.592,1.9385,0.696,0.0,"Sweets, Candies"
19106,"CANDIES,GUMDROPS,STARCH JELLY PIECES",1.0,396,0.0,0.0,98.9,0.1,58.97,3.0,0.4,1.0,1.0,5.0,44.0,0.0,0.012,0.0,0.0,0.0,0.0,"Sweets, Candies"
19334,"SUGARS,BROWN",1.34,380,0.12,0.0,98.09,0.0,97.02,83.0,0.71,9.0,4.0,133.0,28.0,0.03,0.047,0.0,0.0,0.0,0.0,"Sweets, Candies"
19107,"CANDIES,HARD",1.3,394,0.0,0.2,98.0,0.0,62.9,3.0,0.3,3.0,3.0,5.0,38.0,0.01,0.029,0.0,0.0,0.0,0.0,"Sweets, Candies"
19906,"SWEETENERS,FOR BAKING,BROWN,CONTAINS SUGAR & SUCRALOSE",2.44,388,0.0,0.0,97.11,0.7,45.66,63.0,1.64,10.0,2.0,130.0,11.0,0.08,0.083,1.592,1.9385,0.696,4.0,"Sweets, Candies"
20027,CORNSTARCH,8.32,381,0.26,0.05,91.27,0.9,0.0,2.0,0.47,3.0,13.0,3.0,9.0,0.06,0.05,0.009,0.016,0.025,0.0,Cereal Grains and Pasta
20068,"TAPIOCA,PEARL,DRY",10.99,358,0.19,0.02,88.69,0.9,3.35,20.0,1.58,1.0,7.0,11.0,1.0,0.12,0.02,0.005,0.005,0.003,0.0,Cereal Grains and Pasta
20003,ARROWROOT FLOUR,11.37,357,0.3,0.1,88.15,3.4,1.84,40.0,0.33,3.0,5.0,11.0,2.0,0.07,0.04,0.019,0.002,0.045,0.0,Cereal Grains and Pasta
20015,"CORN BRAN,CRUDE",4.71,224,8.36,0.92,85.64,79.0,0.0,42.0,2.79,64.0,72.0,44.0,7.0,1.56,0.248,0.13,0.243,0.421,0.0,Cereal Grains and Pasta
20018,"CORN FLR,YEL,DEGERMED,UNENR",9.81,375,5.59,1.39,82.75,1.9,0.64,2.0,0.91,18.0,60.0,90.0,1.0,0.37,0.142,0.171,0.274,0.695,0.0,Cereal Grains and Pasta
20048,"RICE,WHITE,LONG-GRAIN,PRECKD OR INST,ENR,DRY",8.38,380,7.82,0.94,82.32,1.9,0.05,22.0,6.3,14.0,118.0,27.0,10.0,1.43,0.177,0.152,0.144,0.219,0.0,Cereal Grains and Pasta
20054,"RICE,WHITE,GLUTINOUS,UNENR,UNCKD",10.46,370,6.81,0.55,81.68,2.8,1.84,11.0,1.6,23.0,71.0,77.0,7.0,1.2,0.171,0.111,0.2,0.198,0.0,Cereal Grains and Pasta
20046,"RICE,WHITE,LONG-GRAIN,PARBLD,ENR,DRY",9.86,374,7.51,1.03,80.89,1.8,0.33,71.0,3.33,27.0,153.0,174.0,2.0,1.02,0.284,0.294,0.258,0.322,0.0,Cereal Grains and Pasta
20446,"RICE,WHITE,LONG-GRAIN,PARBLD,UNENR,DRY",9.86,374,7.51,1.03,80.89,1.8,0.33,71.0,0.74,27.0,153.0,174.0,2.0,1.02,0.284,0.294,0.258,0.322,0.0,Cereal Grains and Pasta
20133,"RICE NOODLES,DRY",11.91,364,5.95,0.56,80.18,1.6,0.12,18.0,0.7,12.0,153.0,30.0,182.0,0.74,0.078,0.153,0.175,0.15,0.0,Cereal Grains and Pasta
21343,"MCDONALD'S,LOFAT CARAMEL SAU",22.5,313,1.89,3.25,71.53,0.7,43.21,71.0,0.16,8.0,89.0,119.0,170.0,0.28,0.018,1.772,0.771,0.139,12.0,Fast Foods
21388,"FAST FOODS,MINIATURE CINN ROLLS",19.62,403,7.02,17.95,53.38,2.2,17.98,54.0,2.55,13.0,180.0,131.0,554.0,0.54,0.07,4.701,9.221,2.415,21.0,Fast Foods
21365,"MCDONALD'S,HOTCAKES (WITH 2 PATS MARGARINE & SYRUP)",40.6,272,4.05,8.06,46.08,0.9,20.58,57.0,1.28,13.0,177.0,125.0,283.0,0.29,0.066,0.818,0.863,2.087,9.0,Fast Foods
21520,"FAST FOODS,BREADSTICK,SOFT,PREP W/ GARLIC & PARMESAN CHS",28.38,343,12.2,12.88,44.48,2.4,1.11,87.0,4.65,22.0,129.0,132.0,539.0,1.02,0.107,2.966,2.778,6.16,7.0,Fast Foods
21525,"PIZZA HUT,BREADSTICK,PARMESAN GARLIC",28.38,343,12.2,12.88,44.48,2.4,1.11,87.0,4.65,22.0,129.0,132.0,539.0,1.02,0.107,2.966,2.778,6.16,7.0,Fast Foods
21324,"MCDONALD'S,BKD APPL PIE",36.98,323,3.07,15.66,43.62,2.0,17.25,19.0,1.99,7.0,36.0,63.0,199.0,0.23,0.056,3.995,9.183,1.038,4.0,Fast Foods
21130,"FAST FOODS,ONION RINGS,BREADED&FRIED",24.52,411,3.86,25.23,43.58,2.7,5.43,115.0,0.78,19.0,158.0,167.0,776.0,0.51,0.075,4.194,6.885,12.149,0.0,Fast Foods
21509,"BURGER KING,ONION RINGS",24.52,417,3.86,25.23,43.58,2.7,5.43,115.0,0.78,19.0,158.0,167.0,776.0,0.51,0.075,4.194,6.885,12.149,4.0,Fast Foods
21419,"KFC,BISCUIT",28.4,358,7.5,17.05,43.55,2.0,4.04,55.0,2.86,16.0,538.0,115.0,1070.0,0.5,0.087,11.916,1.243,1.352,1.0,Fast Foods
21142,"FAST FD,BISCUIT",27.88,370,7.08,18.92,42.82,2.5,3.88,70.0,2.76,15.0,474.0,131.0,979.0,0.5,0.081,11.803,2.487,2.199,2.0,Fast Foods
25000,"POPCORN,OIL-POPPED,LOFAT",4.22,402,10.72,6.1,76.04,13.6,0.65,14.0,2.87,124.0,304.0,284.0,571.0,2.8,0.262,1.184,2.767,2.216,0.0,"Meals, Entrees, and Side Dishes"
22998,"RICE & VERMICELLI MIX,CHICK FLAVOR,UNPREP",8.19,358,10.64,1.32,75.8,1.2,2.4,18.0,2.77,31.0,126.0,153.0,1238.0,1.36,0.176,0.389,0.328,0.463,0.0,"Meals, Entrees, and Side Dishes"
22988,"KASHI,PILAF,7 WHL GRAIN,UNPREP",7.7,375,13.81,5.4,71.0,12.3,0.8,21.0,3.63,21.0,145.0,348.0,5.0,0.99,0.09,0.93,1.69,2.78,0.0,"Meals, Entrees, and Side Dishes"
22959,"MACARONI & CHS DINNER W/ DRY SAU MIX,BOXED,UNCKD",8.05,379,13.86,4.82,70.12,3.2,9.61,146.0,2.75,49.0,331.0,347.0,680.0,1.23,0.193,1.151,0.665,0.813,7.0,"Meals, Entrees, and Side Dishes"
22901,"TORTELLINI,PASTA W/ CHS FILLING,FRESH-REFRIGERATED",30.5,307,13.5,7.23,47.0,1.9,0.95,152.0,1.5,21.0,212.0,89.0,406.0,1.02,0.08,3.6,2.066,0.461,42.0,"Meals, Entrees, and Side Dishes"
22947,"SUPPER BAKES MEAL KITS,LEMON CHICK W/ HERB RICE",46.0,210,4.26,1.06,45.74,2.1,3.19,21.0,1.38,21.0,145.0,229.5,830.0,0.99,0.09,0.532,1.9385,0.696,5.0,"Meals, Entrees, and Side Dishes"
22945,"SUPPER BAKES MEAL KITS,GARLIC CHICK W/ PASTA",42.0,220,9.76,0.98,42.93,2.0,6.83,21.0,1.38,21.0,145.0,229.5,741.0,0.99,0.09,0.488,1.9385,0.696,5.0,"Meals, Entrees, and Side Dishes"
22946,"SUPPER BAKES MEAL KITS,HERB CHICK W/ RICE",48.8,197,4.26,1.06,42.55,1.1,2.13,21.0,1.38,21.0,145.0,229.5,830.0,0.99,0.09,0.532,1.9385,0.696,5.0,"Meals, Entrees, and Side Dishes"
22949,"SUPPER BAKES MEAL KITS,SOUTHWESTERN-STYLE CHICK W/RICE",53.2,189,4.94,1.23,39.51,2.5,4.94,21.0,1.38,21.0,145.0,229.5,741.0,0.99,0.09,0.617,1.9385,0.696,6.0,"Meals, Entrees, and Side Dishes"
22928,"BURRITO,BF & BEAN,MICROWAVED",38.14,298,8.73,11.94,38.95,6.9,1.36,39.0,3.12,36.0,97.0,271.0,659.0,1.24,0.228,4.072,5.035,1.763,9.0,"Meals, Entrees, and Side Dishes"
28155,"KEEBLER,WAFFLE BOWLS",2.0,424,6.5,5.3,87.7,1.8,31.6,21.0,3.0,15.0,80.0,100.0,149.0,0.7,0.09,0.86,1.86,1.35,4.0,Snacks
28156,"KEEBLER,WAFFLE CONES",2.0,424,6.5,5.3,87.7,1.8,31.6,21.0,3.0,15.0,80.0,100.0,149.0,0.7,0.09,0.86,1.86,1.35,4.0,Snacks
25043,"SNACKS,CANDY BITS,YOGURT COVERED W/ VIT C",3.73,415,0.0,7.5,86.9,0.2,65.0,500.0,0.19,23.0,190.0,338.0,75.0,0.86,0.021,1.389,0.983,3.886,3.0,Snacks
28162,"KELLOGG'S,CORN FLAKES CRUMBS",3.0,367,7.5,0.4,84.4,1.2,9.3,21.0,13.3,40.0,87.0,169.0,638.0,1.0,0.09,0.1,0.1,0.2,0.0,Snacks
25071,RICE CRACKERS,0.11,416,10.0,5.0,82.64,0.0,0.0,0.0,0.0,156.0,362.0,243.0,233.0,2.2,0.301,0.0,3.021,1.641,0.0,Snacks
25059,"Snacks, brown rice chips",5.8,384,8.2,2.8,81.5,4.2,0.6,11.0,1.49,131.0,360.0,290.0,326.0,3.0,0.445,0.642,1.03,0.98,0.0,Snacks
25052,"SNACKS,GRANOLA BAR,QUAKER,CHEWY,90 CAL BAR",6.23,408,4.17,8.33,79.17,4.2,29.17,333.0,1.5,71.0,152.0,224.0,313.0,1.23,0.307,2.083,2.945,1.929,0.0,Snacks
28185,"KELLOGG'S,POP-TARTS MINI CRISPS,FRSTD STRAWBERRY BKD BITES",2.5,440,4.7,11.8,79.1,1.5,35.3,21.0,9.4,10.0,44.0,68.0,510.0,0.5,0.09,4.5,2.4,4.0,0.0,Snacks
28183,"KELLOGG'S,POP-TARTS MINI CRISPS,CINN BROWN SUGAR BKD BITES",2.5,433,4.8,11.0,79.0,1.7,33.4,21.0,7.8,11.0,45.0,71.0,525.0,0.5,0.09,3.5,2.5,4.1,0.0,Snacks
28184,"KELLOGG'S,POP-TARTS MINI CRISPS,FRSTD CHOC BKD BITES",2.5,438,5.0,11.6,78.9,2.2,35.8,21.0,7.8,21.0,58.0,160.0,487.0,0.6,0.09,3.9,2.5,3.9,0.0,Snacks
35194,"AGAVE,DRIED (SOUTHWEST)",11.64,341,1.71,0.69,81.98,15.6,50.7,770.0,3.64,207.0,37.0,767.0,14.0,12.1,0.189,1.592,1.9385,0.696,0.0,American Indian/Alaska Native Foods
35232,"WOCAS,DRIED SEEDS,OREGON,YEL POND LILY (KLAMATH)",9.36,361,7.9,1.07,80.02,19.2,0.43,27.0,1.47,86.0,229.0,553.0,25.0,6.33,0.073,0.147,0.1,0.161,0.0,American Indian/Alaska Native Foods
35136,"CORNMEAL,WHITE (NAVAJO)",5.42,398,10.99,5.04,77.14,10.4,1.46,11.0,3.79,125.0,280.0,443.0,4.0,3.24,0.219,0.853,1.532,2.078,4.0,American Indian/Alaska Native Foods
35131,"CORNMEAL,BLUE (NAVAJO)",5.7,398,10.4,5.44,76.93,8.7,1.81,5.0,2.91,133.0,354.0,393.0,7.0,2.91,0.218,0.886,1.679,2.465,4.0,American Indian/Alaska Native Foods
32018,"SPANISH RICE MIX,DRY MIX,UNPREP",7.27,363,10.62,1.62,76.45,3.1,3.83,29.0,3.32,37.0,146.0,445.0,1085.0,1.03,0.19,0.395,0.341,0.604,4.0,American Indian/Alaska Native Foods
32002,"RICE & VERMICELLI MIX,RICE PILAF FLAVOR,UNPREP",8.04,359,10.42,1.37,76.31,1.2,1.53,83.0,2.44,32.0,154.0,188.0,1303.0,1.01,0.166,0.307,0.373,0.377,1.0,American Indian/Alaska Native Foods
32029,"RICE MIX,WHITE & WILD,FLAV,UNPREP",7.53,355,10.53,0.88,76.14,1.8,1.75,105.0,4.74,182.0,400.0,333.0,1140.0,5.39,0.53,0.0,0.18,0.57,0.0,American Indian/Alaska Native Foods
32000,"RICE & VERMICELLI MIX,BF FLAVOR,UNPREP",8.27,359,10.84,1.27,76.02,1.6,4.27,32.0,2.82,34.0,125.0,169.0,1337.0,1.34,0.186,0.31,0.283,0.382,0.0,American Indian/Alaska Native Foods
35135,"CORN,WHITE,STMD (NAVAJO)",8.09,386,9.72,5.18,75.2,16.6,6.47,14.0,2.29,123.0,312.0,532.0,4.0,3.15,0.231,0.83,1.483,1.862,4.0,American Indian/Alaska Native Foods
35134,"CORN,DRIED (NAVAJO)",8.1,386,9.88,5.22,74.93,0.7,5.38,15.0,1.92,124.0,337.0,511.0,13.0,3.05,0.195,0.82,1.483,1.9,4.0,American Indian/Alaska Native Foods
43216,"SWEETENERS,TABLETOP,FRUCTOSE,DRY,PDR",0.0,368,0.0,0.0,100.0,0.0,92.7,0.0,0.1,0.0,0.0,0.0,12.0,0.0,0.221,0.0,0.0,0.0,0.0,Restaurant Foods
43058,"CANDIES,HARD,DIETETIC OR LO CAL (SORBITOL)",1.4,394,0.0,0.0,98.6,0.0,0.0,0.0,0.0,0.0,0.0,0.0,0.0,0.0,0.0,0.0,0.0,0.0,0.0,Restaurant Foods
43060,"CHEWING GUM,SUGARLESS",3.5,268,0.0,0.4,94.8,2.4,0.0,20.0,0.0,0.0,0.0,0.0,7.0,0.0,0.0,0.058,0.093,0.232,0.0,Restaurant Foods
43046,"CANDIES,NOUGAT,W/ ALMONDS",2.15,398,3.33,1.67,92.39,3.3,44.97,32.0,0.59,32.0,55.0,105.0,33.0,0.42,0.134,1.667,0.0,0.0,0.0,Restaurant Foods
43345,"BEVER,FRUIT-FLAV DRK,PDR,W/ HI VIT C W/ OTHER ADD VIT,LO CAL",1.32,227,0.25,0.16,91.0,2.2,0.0,800.0,0.08,245.0,493.0,2518.0,14.0,0.01,0.011,0.01,0.038,0.034,0.0,Restaurant Foods
43158,"SWEETENERS,TABLETOP,SACCHARIN (SODIUM SACCHARIN)",8.75,360,0.94,0.0,89.11,0.0,85.19,0.0,0.04,0.0,0.0,4.0,428.0,0.01,0.0,0.0,0.0,0.0,0.0,Restaurant Foods
43214,"BUTTER REPLCMNT,WO/FAT,PDR",5.0,373,2.0,1.0,89.0,0.0,5.3,23.0,2.0,0.0,8.0,2.0,1200.0,0.0,0.0,0.589,0.276,0.057,2.0,Restaurant Foods
43544,"BABYFOOD,CRL,RICE W/ PEARS & APPL,DRY,INST FORT",2.0,389,6.6,0.9,88.5,2.6,1.35,38.0,9.0,37.0,253.0,414.0,2.0,3.3,0.377,0.185,0.252,0.231,0.0,Restaurant Foods
43057,"CANDIES,GUM DROPS,NO SUGAR OR LO CAL (SORBITOL)",11.7,354,0.0,0.2,88.1,0.0,70.0,0.0,0.0,0.0,0.0,0.0,7.0,0.0,0.0,0.034,0.092,0.064,0.0,Restaurant Foods
42055,"BEVERAGES,FRUIT-FLAVORED DRK,DRY PDR MIX,LO CAL,W/ ASPRT",1.84,218,0.45,0.04,87.38,0.1,0.0,1047.0,0.08,3.0,1239.0,498.0,404.0,0.0,0.0,0.0,0.0,0.0,0.0,Restaurant Foods
